fecha,dia_cuarentena,casos_nuevos,casos_total,activos,alta_total,alta_nuevos,muertes_total,muertes_nuevos,tests_realizados_total,tests_realizados_nuevos,test_por_millon_hab,UTI_internados,UTI_%Nacion,UTI_%AMBA,%mujer,%varon,mujer_total,varon_total,franja_etaria,edad_prom,importados_total,importados_nuevos,local_total,local_nuevos,comunitario_total,comunitario_nuevos,en_investigacion_total,en_investigacion_nuevos,alta_definitiva,descartados_total,descartados_nuevos,observaciones
2020-03-05,,1,1,,0,0,0,0,,,,,,,,,,,,,1,1,0,0,0,0,0,0,0,,,
2020-03-06,,1,2,,0,0,0,0,,,,,,,,,,,,,2,1,0,0,0,0,0,0,0,,,
2020-03-07,,7,9,,0,0,0,0,,,,,,,,,,,,,9,7,0,0,0,0,0,0,0,,,
2020-03-08,,3,12,,0,0,0,0,,28,,,,,,,,,,,12,3,0,0,0,0,0,0,0,,,
2020-03-09,,5,17,,0,0,1,1,,,,,,,,,,,,,17,5,0,0,0,0,0,0,0,,,
2020-03-10,,2,19,,0,0,1,0,,,,,,,,,,,,,19,2,0,0,0,0,0,0,0,,,
2020-03-11,,2,21,,0,0,1,0,,,,,,,,,,,,,21,2,0,0,0,0,0,0,0,,,
2020-03-12,,10,31,,1,1,1,0,,,,,,,,,,,,,28,7,3,3,0,0,0,0,,,,Primer alta (Infobae)
2020-03-13,,3,34,,,,2,1,,,,,,,,,,,,,30,2,4,1,0,0,0,0,,,,
2020-03-14,,11,45,,,,2,0,,,,,,,,,,,,,40,10,5,1,0,0,0,0,,,,
2020-03-15,,11,56,,,,2,0,,,,,,,,,,,,,48,8,8,3,0,0,0,0,,,,
2020-03-16,,9,65,,,,2,0,,,,,,,,,,,,,56,8,9,1,0,0,0,0,,,,
2020-03-17,,14,79,,,,2,0,,,,,,,,,,,,,68,12,11,2,0,0,0,0,,,,
2020-03-18,,19,97,,,,2,0,,,,,,,,,,,,,80,13,16,5,0,0,1,1,,,,-1 caso reclasificado
2020-03-19,,31,128,,,,3,1,,,,,,,,,,,,,100,20,21,5,0,0,7,6,,,,
2020-03-20,,30,158,,,,3,0,,,,,,,,,,,,,122,22,25,4,0,0,11,4,,,,
2020-03-21,1,67,225,,,,4,1,,,,,,,,,,,,,167,45,37,12,0,0,21,10,,,,
2020-03-22,2,41,266,,,,4,0,,,,,,,,,,,,,184,17,48,11,0,0,33,12,,,,Se sospecha contagio comunitario en 1 caso
2020-03-23,3,36,301,249,52,,4,0,,,,,,,,,,,,,201,17,53,5,0,0,47,13,,2695,,"Se sospecha contagio comunitario en 1 caso. 1453 tests negativos, 1242 casos descartados por investigación epidemiológica"
2020-03-24,4,86,387,324,63,11,6,2,,,,,,,,,,,,,242,41,73,20,0,0,72,25,,3188,,"1453 tests negativos, 1735 casos descartados por investigación epidemiológica"
2020-03-25,5,117,502,430,72,9,8,2,,,,,,,,,,,,,245,3,151,18,0,0,168,96,2,3516,,"-2 casos reclasificados. Hay 22 hospitalizados. 1946 tests negativos, 1570 casos descartados por investigación epidemiológica "
2020-03-26,6,87,589,515,74,2,12,4,,,,,,,41,59,241,348,20-59,,282,37,175,24,0,0,194,26,2,4128,,"2258 tests negativos, 1870 casos descartados por investigación epidemiológica"
2020-03-27,7,101,690,612,78,4,17,5,,,,,,,"41,5","58,5",286,404,20-59,,386,104,167,-8,0,0,137,-57,2,,,"Se suman 16 casos más reclasificados. 2817 tests dieron negativo. La tasa de letalidad es del 2,1%"
2020-03-28,8,55,745,654,91,13,19,2,,,,,,,41,59,305,440,20-59,,408,21,185,18,0,0,152,16,7,,,1 caso reclasificado. Hoy se descartaron 289 casos
2020-03-29,9,75,820,601,219,128,20,1,,,,,,,42,58,344,476,20-59,43,442,34,207,22,0,0,171,19,9,,,Personas de 30 a 39 años las más afectadas
2020-03-30,10,146,966,726,240,21,24,5,,,,,,,"42,5","57,5",411,555,20-59,44,489,47,248,41,10,10,219,48,12,3877,,Inconsistencia en el conteo de fallecidos
2020-03-31,11,88,1054,806,248,8,27,3,,,,,,,"42,5","57,5",448,606,20-59,45,529,40,295,47,10,0,220,1,30,4597,720,
2020-04-01,12,79,1133,877,256,8,34,7,,,,,,,43,57,487,646,20-59,45,580,51,349,54,0,0,204,-16,36,5144,547,
2020-04-02,13,132,1265,999,266,10,36,4,,,,,,,43,57,544,721,20-59,45,622,42,398,49,103,103,142,-62,51,6120,976,Inconsistencia en el conteo de fallecidos
2020-04-03,14,88,1353,1074,279,13,42,6,,,,,,,43,57,582,771,20-59,45,656,34,444,46,113,10,140,-2,64,7135,1015,
2020-04-04,15,98,1451,1171,280,1,43,1,,,,,,,43,57,624,827,20-59,45,674,18,490,46,119,6,168,28,87,7888,753,
2020-04-05,16,103,1554,1229,325,45,46,3,,,,,,,43,57,668,886,20-59,45,695,21,536,46,148,29,175,7,107,8508,620,
2020-04-06,17,74,1628,1290,338,13,53,7,,,,,,,44,56,716,912,20-59,45,718,23,563,27,175,27,172,-3,,9165,657,
2020-04-07,18,87,1715,1357,358,20,60,7,13330,1552,"293,8",,,,44,56,755,960,20-59,45,738,20,588,25,205,30,184,12,,10438,1273,
2020-04-08,19,80,1795,1430,365,7,65,5,14850,1520,"327,2",,,,45,55,808,987,20-59,45,767,29,618,30,224,19,186,2,,11835,1397,
2020-04-09,20,99,1894,1519,375,10,79,14,16379,1529,361,,,,45,55,852,1042,20-59,45,785,18,641,23,261,37,207,21,,12983,1148,
2020-04-10,21,81,1975,1535,440,65,82,3,18027,1648,397,,,,"45,5","54,5",899,1076,20-59,45,789,4,672,31,290,29,224,17,,14150,1167,
2020-04-11,22,167,2142,1674,468,28,89,7,19758,1731,"435,4",,,,"46,7","53,3",1000,1142,20-59,45,816,27,712,40,304,14,310,86,,15480,1330,
2020-04-12,23,66,2208,1693,515,47,95,6,21193,1435,467,,,,47,53,1038,1170,20-59,45,821,5,766,54,318,14,303,-7,,16416,936,
2020-04-13,24,69,2277,1718,559,44,98,3,22805,1612,"502,6",,,,"47,4","52,6",1079,1198,20-59,45,830,9,790,24,354,36,303,0,,17724,1308,
2020-04-14,25,166,2443,1847,596,37,105,7,24374,1569,"537,1",,,,"48,1","51,9",1175,1268,20-59,44,833,3,857,67,393,39,360,57,,18901,1177,
2020-04-15,26,128,2571,1940,631,35,112,7,26457,2083,"583,1",,,,"48,5","51,5",1247,1324,20-59,44,840,7,903,46,425,32,403,43,,20645,1744,
2020-04-16,27,98,2669,2003,666,35,122,10,28650,2193,"631,4",,,,"48,8","51,2",1302,1367,20-59,44,845,5,951,48,448,23,425,22,,22310,1665,
2020-04-17,28,88,2758,2073,685,19,129,7,30942,2292,"681,9",,,,"48,9","51,1",1349,1409,20-59,44,851,6,997,46,474,26,436,11,,23796,1486,
2020-04-18,29,81,2839,2130,709,24,132,3,32712,1770,"720,9",,,,"48,8","51,2",1385,1454,20-59,44,856,5,1184,187,496,22,303,-133,,25259,1463,
2020-04-19,30,102,2941,2204,737,28,134,2,34568,1856,"761,8",,,,49,51,1441,1500,20-59,44,858,2,1235,51,538,42,310,7,,26658,1399,
2020-04-20,31,90,3031,2191,840,103,142,8,36611,2043,"806,8",,,,49,51,1485,1546,20-59,44,863,5,1293,58,576,38,299,-11,,28298,1640,
2020-04-21,32,112,3144,2272,872,32,151,9,39228,2617,"864,5",,,,"49,4","50,6",1553,1591,20-59,44,866,3,1346,53,618,42,314,15,,30362,2064,
2020-04-22,33,144,3288,2369,919,47,159,8,41786,2558,"920,9",,,,"49,3","50,7",1621,1667,20-59,44,870,4,1408,62,669,51,341,27,,32414,2052,
2020-04-23,34,147,3435,2459,976,57,165,6,44654,2868,"984,1",,,,50,50,1718,1717,20-59,44,875,5,1490,82,722,53,348,7,,34431,2017,
2020-04-24,35,172,3607,2577,1030,54,176,11,47406,2752,"1044,7",,,,"49,9","50,1",1800,1807,20-59,44,887,12,1562,72,755,33,403,55,,36610,2179,
2020-04-25,36,173,3780,2673,1107,77,185,9,49905,2499,"1099,8",,,,"49,7","50,3",1879,1901,20-59,44,888,1,1641,79,797,42,454,51,,38215,1605,
2020-04-26,37,112,3892,2752,1140,33,192,7,51900,1995,"1143,8",,,,"49,8","50,2",1938,1954,20-59,43,900,12,1684,43,829,32,479,25,,39990,1775,
2020-04-27,38,111,4003,2841,1162,22,197,5,53600,1700,"1181,2",,,,50,50,2002,2001,20-59,43,905,5,1725,41,897,68,476,-3,,41559,1569,
2020-04-28,39,124,4127,2935,1192,30,207,10,56058,2458,"1235,4",,,,"50,2","49,8",2072,2055,20-59,43,909,4,1766,41,984,87,468,-8,,43322,1763,
2020-04-29,40,158,4285,3029,1256,64,214,7,58685,2627,"1293,3",,,,"50,1","49,9",2147,2138,20-59,43,912,3,1835,69,1041,57,497,29,,45446,2124,
2020-04-30,41,143,4428,3136,1292,36,218,4,61530,2845,1356,,,,"50,3","49,7",2227,2201,20-59,43,915,3,1904,69,1149,108,460,-37,,47467,2021,
2020-05-01,42,105,4532,3212,1320,28,225,7,63866,2336,"1407,5",,,,"50,3","49,7",2280,2252,20-59,43,916,1,1949,45,1224,75,443,-17,,49247,1780,Se reclasificó un caso de Neuquén
2020-05-02,43,149,4681,3327,1354,34,237,12,65813,1947,"1450,4",,,,50,50,2341,2340,20-59,43,917,1,2012,63,1267,43,485,42,,50779,1532,
2020-05-03,44,103,4783,3341,1442,88,246,9,67920,2107,"1496,8",,,,"50,3","49,7",2406,2377,20-59,42,920,3,2076,64,1314,47,473,-12,,52264,1485,Mendoza descartó un caso
2020-05-04,45,104,4887,3415,1472,30,260,14,69718,1798,"1536,4",,,,"50,5","49,5",2468,2419,20-59,42,925,5,2137,61,1377,63,448,-25,,53895,1631,
2020-05-05,46,134,5020,3496,1524,52,264,4,72315,2597,"1593,7",,,,"50,3","49,7",2525,2495,20-59,42,927,2,2207,70,1445,68,441,7,,55893,1998,Corrientes reclasificó 1 caso de confirmado a descartado
2020-05-06,47,188,5208,3607,1601,77,273,9,75198,2883,"1657,2",,,,50,50,2604,2604,20-59,42,928,1,2291,84,1508,63,481,40,,57828,1935,
2020-05-07,48,163,5371,3712,1659,58,282,9,77901,2703,"1716,8",,,,"50,4","49,6",2707,2664,20-59,42,929,1,2372,81,1597,89,473,-8,,59768,1940,
2020-05-08,49,240,5611,3883,1728,69,293,11,80729,2828,"1779,1",,,,"50,6","49,4",2839,2772,20-59,42,930,1,2468,96,1646,49,567,94,,61703,1935,
2020-05-09,50,165,5776,4019,1757,29,300,7,83018,2289,"1829,5",,,,"50,4","49,6",2911,2865,20-59,41,930,0,2530,62,1703,57,613,46,,63458,1755,
2020-05-10,51,258,6034,4197,1837,80,305,5,85158,2140,"1876,7",,,,50,50,3017,3017,20-59,41,930,0,2668,138,1765,62,671,58,,64817,1359,
2020-05-11,52,244,6278,4416,1862,25,314,9,87547,2389,"1929,3",,,,"49,7","50,3",3120,3158,20-59,41,932,2,2802,134,1835,70,709,38,,66709,1892,
2020-05-12,53,285,6563,4297,2266,404,319,5,90474,2927,"1993,8",,,,49,51,3216,3347,20-59,41,932,0,2974,172,1926,91,731,22,,68926,2217,
2020-05-13,54,316,6879,4494,2385,119,329,10,93673,3199,"2064,3",,,,49,51,3371,3508,20-59,41,934,2,3109,135,2039,113,797,66,,71209,2283,
2020-05-14,55,255,7134,4637,2497,112,353,24,96893,3220,"2135,3",,,,49,51,3496,3638,20-59,40,935,1,3226,117,2169,130,804,7,,73709,2500,
2020-05-15,56,345,7479,4945,2534,37,356,3,100362,3469,"2211,7",,,,"49,4","50,6",3695,3784,20-59,40,937,2,3367,141,2272,103,903,99,,76257,2548,
2020-05-16,57,327,7805,5236,2569,35,363,7,103220,2858,"2274,7",,,,"49,4","50,6",3856,3949,20-59,40,937,0,3482,115,2372,100,1014,111,,78217,1960,
2020-05-17,58,263,8068,5443,2625,56,373,10,105829,2609,"2332,2",,,,"49,2","50,8",3969,4099,20-59,40,939,2,3561,79,2468,96,1100,86,,80102,1885,
2020-05-18,59,303,8371,5499,2872,247,382,9,108634,2805,2394,,,,"49,1","50,9",4110,4261,20-59,39,939,0,3718,157,2607,139,1107,7,,82123,2021,
2020-05-19,60,438,8809,5876,2933,61,393,11,112370,3736,"2476,4",,,,49,51,4316,4493,20-59,39,940,1,3879,161,2758,151,1232,125,,85130,3007,
2020-05-20,61,474,9283,6251,3032,99,403,10,116689,4319,"2571,6",,,,49,51,4549,4734,20-59,39,945,5,4068,189,2919,161,1351,119,,88152,3022,
2020-05-21,62,648,9931,6869,3062,30,416,13,121278,4589,"2672,7",,,,"48,7","51,3",4836,5095,20-59,39,947,2,4334,266,3154,235,1496,145,,91398,3246,
2020-05-22,63,718,10649,7119,3530,468,433,17,125893,4615,"2774,4",,,,"48,6","51,4",5175,5474,20-59,38,948,1,4648,314,3314,160,1739,243,,94282,2884,"En el informe vespertino reportan 14 muertes, pero luego describen a 15 personas"
2020-05-23,64,704,11353,7621,3732,202,445,12,129418,3525,"2852,1",,,,"48,6","51,4",5518,5835,20-59,38,951,3,4955,307,3540,226,1907,168,,96632,2350,Se registra una muerte más que el reporte oficial
2020-05-24,65,723,12076,8077,3999,267,452,7,133468,4050,"2941,3",,,,"48,7","51,3",5881,6195,20-59,38,955,4,5302,347,3766,226,2053,146,,99145,2513,
2020-05-25,66,552,12628,8461,4167,168,467,15,136662,3194,"3011,7",,,,"48,7","51,3",6150,6478,20-59,37,956,1,5563,261,4050,284,2059,6,,101348,2203,
2020-05-26,67,600,13228,8879,4349,182,484,17,140218,3556,"3090,1",,,,"48,9","51,1",6468,6760,20-59,37,959,3,5813,250,4354,304,2102,43,,103900,2552,
2020-05-27,68,706,13933,9316,4617,268,500,10,145081,4863,"3197,3",,,,"48,9","51,1",6813,7120,20-59,37,961,2,6091,278,4694,340,2187,85,,107098,3198,"Reportan 10 muertes entre reporte matutito y vespertino, pero suman 16 al total del día anterior"
2020-05-28,69,769,14702,9914,4788,171,508,8,150486,5405,"3316,4",,,,"49,1","50,9",7219,7483,20-59,37,967,6,6450,359,5051,357,2234,47,,110796,3698,
2020-05-29,70,717,15419,10319,5100,312,520,12,155407,4921,"3424,8",,,,49,51,7555,7864,20-59,37,968,1,6727,277,5408,357,2316,82,,114112,3316,
2020-05-30,71,795,16214,10878,5336,236,528,8,160070,4663,"3527,6",,,,49,51,7945,8269,20-59,37,969,1,7030,303,5724,316,2491,175,,117034,2922,
2020-05-31,72,637,16851,11330,5521,185,539,11,164084,4014,3616,,,,49,51,8257,8594,20-59,36,970,1,7308,278,5975,251,2598,107,,119653,2619,
2020-06-01,73,564,17415,11706,5709,188,556,17,167799,3715,"3697,9",,,,49,51,8533,8882,20-59,36,974,4,7532,224,6263,288,2646,48,,122143,2490,
2020-06-02,74,904,18319,12423,5896,187,569,13,172947,5148,"3811,4",,,,49,51,8976,9343,20-59,40,974,0,7854,322,6596,333,2895,249,,125571,3428,
2020-06-03,75,949,19268,13275,5993,97,583,14,178448,5501,"3932,6",,,,"49,4","50,6",9518,9750,20-59,40,977,3,8217,363,6941,345,3133,238,,128933,3362,
2020-06-04,76,929,20197,14109,6088,95,608,25,183862,5414,"4051,9",,,,"49,3","50,7",9957,10240,20-59,33,978,1,8541,324,7349,408,3329,196,,132402,3469,
2020-06-05,77,840,21037,14857,6180,92,632,24,189278,5416,"4171,3",,,,"49,3","50,7",10371,10666,20-59,33,980,2,8883,342,7770,421,3404,75,,135454,3052,
2020-06-06,78,983,22020,15111,6909,729,648,16,193923,4635,4273,,,,"49,5","50,5",10900,11120,20-59,33,983,3,9219,336,8141,371,3677,273,,138672,3218,
2020-06-07,79,774,22794,15489,7305,396,664,16,198520,4607,"4374,9",,,,"49,5","50,5",11283,11511,20-59,36,985,2,9476,257,8441,300,3892,215,,141249,2577,
2020-06-08,80,826,23620,16052,7568,263,693,29,203051,4531,"4474,8",,,,"49,6","50,4",11716,11904,20-59,36,986,1,9822,346,8919,478,3893,1,,144348,3099,
2020-06-09,81,1141,24761,16770,7991,423,717,24,208519,5468,"4595,3",,,,"49,6","50,4",12281,12480,20-59,36,992,6,10260,438,9406,487,4103,210,,147917,3569,
2020-06-10,82,1226,25987,17655,8332,341,735,18,214807,6288,"4733,9",,,,"49,5","50,5",12864,13123,20-59,36,996,4,10657,397,9948,542,4386,283,,151512,3595,
2020-06-11,83,1386,27373,18630,8743,411,765,30,221305,6498,"4877,1",,,,"49,6","50,4",13577,13796,20-59,36,999,3,11091,434,10542,594,4741,355,,155502,3990,
2020-06-12,84,1391,28764,19681,9083,340,785,20,228324,7019,"5031,7",,,,"49,6","50,4",14267,14497,20-59,36,1005,6,11529,438,11161,619,5069,328,,159488,3986,
2020-06-13,85,1531,30295,20731,9564,481,815,30,234370,6046,5165,,,,"49,5","50,5",14996,15299,20-59,36,1011,6,11950,421,11707,546,5627,558,,163161,3673,
2020-06-14,86,1282,31577,21686,9891,327,833,18,239941,5571,"5287,8",,,,"49,6","50,4",15662,15915,20-59,36,1022,11,12386,436,12167,460,6002,375,,166443,3282,
2020-06-15,87,1208,32785,22611,10174,283,854,21,245059,5118,"5400,5",,,,"49,5","50,5",16229,16556,20-59,36,1028,6,12835,449,12828,661,6094,92,,169443,3000,
2020-06-16,88,1374,34159,23647,10512,338,878,24,250615,5556,5523,,,,"49,5","50,5",16909,17250,20-59,36,1030,2,13340,505,13602,774,6187,93,,172718,3275,
2020-06-17,89,1393,35552,24831,10721,209,913,35,257092,6477,"5665,7",,,,"49,3","50,7",17527,18025,20-59,36,1036,6,13805,465,14433,831,6278,91,,176436,3718,
2020-06-18,90,1958,37510,25659,11851,1130,948,35,264604,7512,"5831,3",,,,"49,4","50,6",18530,18980,20-59,36,1049,13,14420,615,15347,914,6694,416,,181353,4917,
2020-06-19,91,2060,39570,,,,979,31,,,,,,,,,,,,,1044,-5,15003,583,16383,1036,7140,446,,,,Reporte matutino 20-06-20 no fue publicado en la página
2020-06-20,92,1634,41204,28476,12728,,992,13,279672,6443,"6163,3",,,,"49,4","50,6",20355,20849,20-59,36,1046,2,15528,525,17095,712,7535,395,,189801,,
2020-06-21,93,1581,42785,29632,13153,425,1011,19,285391,5719,"6289,4",,,,"49,4","50,6",21136,21649,20-59,36,1047,1,16101,573,17750,655,7887,352,,193317,3516,
2020-06-22,94,2146,44931,31355,13576,423,1043,32,292511,7120,"6446,3",,,,"49,5","50,5",22241,22690,20-59,36,1050,3,16924,823,18537,787,8420,533,,197629,4312,
2020-06-23,95,2285,47216,33400,13816,240,1078,35,300345,7832,6619,,,,"49,5","50,5",23372,23844,20-59,36,1052,2,17655,731,19603,1066,8906,486,,203192,5563,
2020-06-24,96,2635,49851,35063,14788,972,1116,38,309601,9258,6822,433,45,52,"49,4","50,6",24626,25225,20-59,36,1060,8,18460,805,20816,1213,9515,609,,208232,5040,A partir de este día se empiezan a reportar datos sobre las Unidades de Terapia Intensiva (UTI) 
2020-06-25,97,2606,52457,34041,18416,3628,1150,34,318721,9120,7023,457,"48,3","54,1","49,4","50,6",25914,26543,20-59,36,1061,1,19202,742,22078,1262,10116,601,,213175,4943,
2020-06-26,98,2886,55343,36200,19143,727,1184,34,329036,10315,7251,472,"48,9","53,7","49,4","50,6",27339,28004,20-59,36,1061,0,20095,893,23464,1386,10723,607,,218640,5465,
2020-06-27,99,2401,57744,37610,20134,991,1207,23,336951,7915,7425,507,"49,5","54,2","49,4","50,6",28526,29218,20-59,36,1062,1,20807,712,24743,1279,11132,409,,223221,4581,
2020-06-28,100,2189,59933,38795,21138,1004,1232,25,344409,7458,7589,523,"49,8","55,1","49,5","50,5",29667,30266,20-59,36,1063,1,21599,792,25600,857,11671,539,,227046,3825,
2020-06-29,101,2335,62268,40240,22028,890,1280,48,352402,7993,7766,535,"50,6","55,9","49,5","50,5",30823,31445,20-59,36,1064,1,22481,882,27136,1536,11587,-84,,232016,4970,
2020-06-30,102,2262,64530,41490,23040,1012,1307,27,362908,10506,7997,555,"50,5","55,5","49,4","50,6",31878,32652,20-59,36,1065,1,23565,1084,28732,1596,11168,-419,,236563,4547,
2020-07-01,103,2667,67197,43011,24186,1146,1351,44,372108,9200,8200,576,"50,6","55,9","49,4","50,6",33195,34002,20-59,36,1066,1,24124,559,30493,1761,11514,346,,241576,5013,
2020-07-02,104,2744,69941,44717,25224,1038,1385,34,381431,9323,"8405,9",594,"50,1","55,7","49,3","50,7",34481,35460,20-59,36,1067,1,24969,845,32144,1651,11761,247,,245852,4276,
2020-07-03,105,2845,72786,46856,25930,706,1437,52,390382,8951,8603,620,51,"56,3","49,4","50,6",35956,36830,20-59,36,1068,1,25848,879,33867,1723,12003,242,,250545,4693,
2020-07-04,106,2590,75376,47779,27597,1667,1481,44,399454,9072,"8803,1",637,"51,5","57,7","49,4","50,6",37236,38140,20-59,36,1069,1,26548,700,35186,1319,12573,570,,255263,4718,
2020-07-05,107,2439,77815,49284,28531,934,1507,26,406210,6756,"8951,9",658,"51,4","57,7","49,5","50,5",38518,39297,20-59,36,1072,3,27239,691,36235,1049,13269,696,,258801,3538,
2020-07-06,108,2632,80447,50352,30095,1564,1582,75,414697,8487,9139,676,"51,6","58,8","49,5","50,5",39821,40626,20-59,36,1073,1,27991,752,38006,1771,13377,108,,263156,4355,
2020-07-07,109,2979,83426,46924,36502,6407,1644,62,423782,9805,"9339,2",688,52,"60,3","49,4","50,6",41212,42214,20-59,36,1074,1,28792,801,39718,1712,13842,465,,267741,4585,
2020-07-08,110,3604,87030,48717,38313,1811,1695,51,434692,10910,"9579,6",671,"52,4","59,7","49,4","50,6",42993,44037,20-59,36,1074,0,29747,955,41495,1777,14714,872,,273168,5427,
2020-07-09,111,3663,90693,51709,38984,671,1721,26,445733,11041,"9822,9",662,"52,4","58,3","49,4","50,6",44802,45891,,,1076,2,30597,850,43374,1879,15646,932,,278647,5479,A partir de este día los reportes matutinos dejan de reportar la edad promedio y franja etaria de los infectados
2020-07-10,112,3367,94060,52652,41408,2424,1775,54,456042,10309,"10050,1",686,"51,7","58,3","49,4","50,6",46466,47594,,,1078,2,31739,1142,45328,1954,15915,269,,283872,5225,
2020-07-11,113,3449,97509,54815,42694,1286,1811,36,466308,10266,"10276,4",701,"51,2","58,2","49,4","50,6",48169,49340,,,1080,2,32616,877,46824,1496,16989,1074,,289032,5160,
2020-07-12,114,2657,100166,55993,44173,1479,1846,35,474422,8114,"10455,2",735,52,"59,5","49,4","50,6",49482,50684,,,1081,1,33376,760,48213,1389,17496,507,,293297,4265,
2020-07-13,115,3099,103265,57798,45467,1294,1904,58,483799,9377,10661,752,"52,7","60,8","49,4","50,6",51013,52252,,,1082,1,34293,917,50637,2424,17253,-243,,298086,4789,
2020-07-14,116,3645,106910,59612,47298,1831,1969,65,495065,11266,10910,772,"52,9","61,3","49,3","50,7",52814,54096,,,1083,1,35260,967,53247,2610,17320,67,,303987,5901,
2020-07-15,117,4250,111160,62040,49120,1822,2051,82,508228,13163,11200,783,"53,7","63,7","49,3","50,7",54802,56358,,,1085,2,36398,1138,55836,2589,17841,521,,310679,6692,
2020-07-16,118,3624,114783,65003,49780,660,2113,62,519281,11053,"11443,8",793,"53,9",64,"49,3","50,7",56588,58195,,,1086,1,37225,827,57961,2125,18511,670,,316346,5667,
2020-07-17,119,4518,119301,66694,52607,2827,2179,66,531753,12472,"11718,6",823,"53,7","63,2","49,3","50,7",58815,60486,,,1093,7,38304,1079,60041,2080,19863,1352,,322583,6237,
2020-07-18,120,3223,122524,68419,54105,1498,2221,42,541238,9485,"11927,6",824,"54,4","63,9","49,3","50,7",60404,62120,,,1093,0,39113,809,62057,2016,20261,398,,326866,4283,
2020-07-19,121,4231,126755,70842,55913,1808,2261,40,552306,11068,"12171,6",842,"54,6",65,"49,4","50,6",62617,64138,,,1095,2,40138,1025,63648,1591,21874,1613,,332433,5567,
2020-07-20,122,3937,130774,72176,58598,2685,2374,113,563513,11207,"12418,5",853,"55,6",65,"49,4","50,6",64602,66172,,,1095,0,41086,948,66293,2645,22300,426,,338251,5818,A partir de este día se deja de reportar la edad de los fallecidos
2020-07-21,123,5344,136118,75587,60531,1933,2490,117,578202,14689,"12742,2",890,"55,5","65,4","49,5","50,5",67378,68740,,,1096,1,42253,1167,69442,3149,23327,1027,,345718,7467,"Reportes registran 117 muertes, pero suman 116"
2020-07-22,124,5782,141900,79085,62815,2284,2588,98,593044,14842,"13069,3",902,55,"64,3","49,4","50,6",70099,71801,,,1096,0,43748,1495,72527,3085,24529,1202,,352916,7198,
2020-07-23,125,6127,148027,82580,65447,2632,2702,114,609262,16218,"13426,7",913,"55,4",64,"49,4","50,6",73125,74902,,,1101,5,45026,1278,76114,3587,25786,1257,,360838,7922,
2020-07-24,126,5493,153520,85498,68022,2575,2807,105,623893,14631,"13749,2",955,"55,5","64,3","49,3","50,7",75685,77835,,,1105,4,46528,1502,79424,3310,26463,677,,367979,7141,
2020-07-25,127,4814,158334,,,,2893,86,,,,980,"54,6","63,3",,,,,,,1107,2,47659,1131,81828,2404,27740,1277,,,,Reporte matutino 20-07-26 no fue publicado en la página
2020-07-26,128,4192,162526,89951,72575,,2939,46,647714,10870,"14274,1",993,"54,1","62,9","49,2","50,8",79963,82563,,,1109,2,48698,1039,84358,2530,28361,621,,379699,,
2020-07-27,129,4890,167416,92333,75083,2508,3059,121,660112,12398,"14547,4",1002,"54,2","63,5","49,2","50,8",82369,85047,,,1112,3,49648,950,88238,3880,28418,57,,385643,5944,"Reportes registran 121 muertes, pero suman 120"
2020-07-28,130,5939,173355,95500,77855,2772,3179,120,675011,14899,"14875,7",1024,"54,7","64,1","49,2","50,8",85291,88064,,,1119,7,51090,1442,92435,4197,28711,293,,392744,7101,
2020-07-29,131,5641,178996,98400,80596,2741,3288,110,690823,15812,"15224,2",1057,"54,4","63,6","49,1","50,9",87887,91109,,,1115,-4,52375,1285,96710,4275,28796,85,,400831,8087,"Reportes registran 110 muertes, pero suman 109"
2020-07-30,132,6377,185373,101593,83780,3184,3441,153,707508,16685,"15591,9",1076,"55,3","64,5","49,1","50,9",91018,94355,,,1117,2,53660,1285,100811,4101,29785,989,,409040,8209,
2020-07-31,133,5929,191302,104803,86499,2719,3543,102,722950,15442,"15932,2",1104,"55,3","65,5","49,1","50,9",93929,97373,,,1122,5,54915,1255,104695,3884,30570,785,,416988,7948,
2020-08-01,134,5241,196543,107517,89026,2527,3596,53,736007,13057,"16219,9",1128,"55,1","64,5","49,2","50,8",96699,99844,,,1123,1,55946,1031,107909,3214,31565,995,,423123,6135,
2020-08-02,135,5376,201919,110617,91302,2276,3648,52,747907,11900,"16482,2",1122,"55,5","65,2","49,2","50,8",99344,102575,,,1123,0,56975,1029,110459,2550,33362,1797,,428344,5221,
2020-08-03,136,4824,206743,112614,94129,2827,3813,166,760746,12839,"16765,1",1150,"55,5",65,"49,2","50,8",101718,105025,,,1123,0,58084,1109,114826,4367,32710,-652,,434939,6595,"Una persona de sexo masculino, residente en Entre Ríos, fue cargada por error en el sistema como fallecida"
2020-08-04,137,6792,213535,116587,96948,2819,3979,168,777278,16532,"17129,4",1207,"56,5","66,4","49,2","50,8",105059,108476,,,1123,0,59408,1324,119544,4718,33460,750,,442881,7942,"Una persona de sexo masculino, residente en la Ciudad de Buenos Aires (CABA), fue cargada por error en el sistema como fallecida. Al igual que una persona de sexo femenino residente en la provincia de Buenos Aires."
2020-08-05,138,7147,220682,120830,99852,2904,4106,127,794544,17266,"17509,9",1219,"56,3","66,1","49,2","50,8",108576,112106,,,1124,1,60922,1514,124163,4619,34473,1013,,451455,8574,
2020-08-06,139,7513,228195,124898,103297,3445,4251,147,812564,18020,17755,1245,"56,6","66,5","49,1","50,9",112044,116151,,,1127,3,62150,1228,128781,4618,36137,1664,,459686,8231,
2020-08-07,140,7482,235677,127435,108242,4945,4411,160,830057,17493,"18292,6",1293,"56,5",66,"49,2","50,8",115953,119724,,,1130,3,63695,1545,133585,4804,37267,1130,,470163,10477,
2020-08-08,141,6134,241811,71702,170109,61867,4523,113,845220,15163,"18626,7",1502,"56,3","64,8","49,1","50,9",118729,123082,,,1130,0,64762,1067,136987,3402,38932,1665,,477897,7734,
2020-08-09,142,4688,246499,71525,174974,4865,4606,84,856055,10835,"18865,5",1565,"56,8","66,7","49,2","50,8",121278,125221,,,1131,1,65737,975,139746,2759,39885,953,,483051,5154,"Una persona de Chaco, notificada como fallecida, fue reclasificada como no fallecida"
2020-08-10,143,7369,253868,72479,181389,6415,4765,159,872643,16588,"19231,1",1569,"57,3","67,4","49,1","50,9",124649,129219,,,1136,5,67245,1508,144896,5150,40591,706,,491526,8475,"Una persona de sexo femenino notificada como fallecida, residente en la provincia de Buenos Aires, fue reclasificada como no fallecida"
2020-08-11,144,7043,260911,73628,187283,5894,5004,241,891817,19174,"19653,6",1585,"58,2","68,6","49,1","50,9",128107,132804,,,1137,1,68717,1472,151086,6190,39971,-620,,501652,10126,"Una persona de sexo femenino notificada como fallecida, residente en la provincia de Buenos Aires, fue reclasificada como no fallecida"
2020-08-12,145,7663,268574,76140,192434,5151,5213,209,911596,19779,"20089,5",1662,"58,3","68,4","49,1","50,9",131870,136704,,,1142,5,70280,1563,156764,5678,40388,417,,512117,10465,
2020-08-13,146,7498,276072,77067,199005,6571,5362,149,930097,18501,"20497,2",1682,"58,3","68,3","49,1","50,9",135551,140521,,,1143,1,71620,1340,162959,6195,40350,-38,,522916,10799,
2020-08-14,147,6365,282437,76740,205697,6692,5527,165,949170,19073,"20917,5",1718,"58,9","68,6","49,1","50,9",138677,143760,,,1148,5,72902,1282,168252,5293,40135,-215,,533479,10563,
2020-08-15,148,6663,289100,77398,211702,6005,5637,110,966926,17756,"21308,8",1716,"58,6","68,5","49,1","50,9",141948,147152,,,1151,3,74109,1207,171954,3702,41886,1751,,543094,9615,
2020-08-16,148,5469,294569,76719,217850,6148,5703,66,981459,14533,"21629,1",1708,"58,6","68,5","49,1","50,9",144633,149936,,,1154,3,75051,942,175520,3566,42844,958,,550625,7531,
2020-08-17,149,4557,299126,75595,223531,5681,5814,111,994942,13483,"21926,2",1749,"58,2","67,6","49,1","50,9",146871,152255,,,1157,3,76226,1175,180483,4963,41260,-1584,,558315,7690,
2020-08-18,150,6840,305966,77241,228725,5194,6048,235,1012979,18037,"22323,7",1799,"57,7","68,2","49,1","50,9",150229,155737,,,1161,4,77895,1669,185880,5397,41030,-230,,568220,9905,
2020-08-19,151,6693,312659,79008,233651,4926,6330,283,1030992,18013,"22720,7",1795,"57,8","68,1","49,1","50,9",153516,159143,,,1163,2,79219,1324,191037,5157,41240,210,,578043,9823,"Una persona de sexo masculino de 62 años notificada como fallecida, residente en la provincia de Buenos Aires, fue reclasificada como no fallecida"
2020-08-20,152,8225,320884,81078,239806,6155,6517,187,1052687,21695,"23198,8",1832,"58,6","68,7","49,1","50,9",157554,163330,,,1172,9,80662,1443,196370,5333,42680,1440,,589453,11410,"Informe vespertino notifica 111 muertes, pero luego describe 110"
2020-08-21,153,8159,329043,83262,245781,5975,6730,214,1073719,21032,"23662,3",1853,58,"67,1","49,1","50,9",161560,167483,,,1175,3,82187,1525,201933,5563,43748,1068,,600506,11053,"Una persona de sexo masculino de 41 años notificada como fallecida, residente en la provincia de Buenos Aires, fue reclasificada como no fallecida"
2020-08-22,154,7759,336802,85402,251400,5619,6848,118,1092556,18837,"24077,4",1907,"58,1","67,1","49,1","50,9",165370,171432,,,1178,3,83443,1256,205996,4063,46185,2437,,610161,9655,
2020-08-23,155,5352,342154,85365,256789,5389,6985,137,1105878,13322,24371,1922,"56,5","64,2","49,1","50,9",167998,174156,,,1179,1,84223,780,209236,3240,47516,1331,,617202,7041,
2020-08-24,156,8713,350867,87665,263202,6413,7366,382,1127098,21220,"24838,7",1960,"57,3","64,5","49,1","50,9",172276,178591,,,1180,1,85600,1377,213348,4112,50739,3223,,628393,11191,"Una persona reportada anteriormente como fallecida, fue reclasificada"
2020-08-25,157,8771,359638,90837,268801,5599,7563,198,1148574,21476,"25311,9",1990,"58,3","66,5","49,1","50,9",176582,183056,,,1183,3,87216,1616,219449,6101,51790,1051,,639102,10709,"Una persona de sexo masculino de 66 años notificada como fallecida, residente en la provincia de Córdoba, fue reclasificada como no fallecida"
2020-08-26,158,10550,370188,95730,274458,5657,7839,276,1172811,24237,"25846,1",2022,"58,1","66,7","49,1","50,9",181762,188426,,,1187,4,88811,1595,226073,6624,54117,2327,,650895,11793,
2020-08-27,159,10104,380292,100127,280165,5707,8050,211,1196878,24067,"26376,5",2075,"59,2","66,6","49,1","50,9",186723,193569,,,1187,0,90269,1458,232379,6306,56457,2340,,663229,12334,
2020-08-28,160,11717,392009,104789,287220,7055,8271,222,1222359,25481,26938,2114,"59,7","67,5","49,1","50,9",192476,199533,,,1190,3,92043,1774,239019,6640,59757,3300,,676147,12918,"Una persona de sexo femenino, residente en la provincia de Buenos Aires, notificada como fallecida, cambió su clasificación"
2020-08-29,161,9230,401239,107232,294007,6787,8353,82,1242269,19910,"27376,8",2192,"60,6","68,7","49,1","50,9",197008,204231,,,1191,1,93278,1235,244308,5289,62462,2705,,685849,9702,
2020-08-30,162,7187,408426,107231,301195,7188,8457,104,1257906,15637,"27721,4",2232,"60,6","68,5","49,1","50,9",200537,207889,,,1191,0,94301,1023,247931,3623,65003,2541,,693151,7302,
2020-08-31,163,9309,417735,109359,308376,7181,8660,203,1277751,19845,"28158,7",2273,"60,7","68,8","49,1","50,9",205108,212627,,,1197,6,95857,1556,255688,7757,64993,-10,,703304,10153,
2020-09-01,164,10504,428239,112709,315530,7154,8919,259,1300866,23115,"28668,1",2314,"60,7","69,2","49,1","50,9",210265,217974,,,1200,3,97726,1869,263555,7867,65758,765,,717565,14261,
2020-09-02,165,10933,439172,116711,322461,6931,9118,199,1324687,23821,"29193,1",2359,"61,1","68,8","49,1","50,9",215633,223539,,,1200,0,99630,1904,272419,8864,65923,165,,729132,11567,Una persona notificada anteriormente como fallecida fue reclasificada
2020-09-03,166,12026,451198,119577,331621,9160,9361,245,1350038,25351,"29751,1",2394,"61,1","68,2","49,3","50,4",222441,227404,,,1202,2,101394,1764,280927,8508,67675,1752,,741166,12034,"Una persona de sexo masculino, residente en la provincia de Tierra del Fuego, notificada como fallecida, fue reclasificada"
2020-09-04,167,10684,461882,121501,340381,8760,9623,262,1374524,24486,"30291,4",2425,"61,5","68,2","49,3","50,4",227708,232789,,,1205,3,103049,1655,289005,8078,68623,948,,753646,12480,
2020-09-05,168,9924,471806,122674,349132,8751,9739,117,1396887,22363,"30784,2",2456,"61,7","67,7","49,3","50,4",232600,237790,,,1207,2,104581,1532,294844,5839,71174,2551,,764815,11169,
2020-09-06,169,6986,478792,121404,357388,8256,9859,120,1412149,15262,"31120,5",2512,"61,8","68,2","49,3","50,4",236044,241311,,,1210,3,105702,1121,299270,4426,72610,1436,,772494,7679,
2020-09-07,170,9215,488007,121417,366590,9202,10129,271,1432624,20475,"31571,8",2698,"61,9","67,8","49,3","50,4",240587,245956,,,1217,7,107504,1802,307566,8296,71720,-890,,782925,10431,
2020-09-08,171,12027,500034,117544,382490,15900,10405,278,1458619,25995,"32144,6",2719,"61,6","67,8","49,3","50,4",246517,252017,,,1221,4,109701,2197,316074,8508,73038,1318,,795948,13023,"Dos personas de sexo masculino, residentes en la provincia de Buenos Aires y la provincia de Santa Fe, notificadas como fallecidas, fueron reclasificadas"
2020-09-09,172,12259,512293,122195,390098,7608,10658,254,1485790,27171,"32743,4",2829,"62,4","69,1","49,3","50,4",252560,258196,,,1222,1,112220,2519,324064,7990,74787,1749,,808577,12629,
2020-09-10,173,11905,524198,124077,400121,10023,10907,250,1513847,28057,"33361,7",2880,"62,3","69,1",,,,,,,1227,5,114335,2115,332280,8216,76356,1569,,822343,13766,
2020-09-11,174,11507,535705,125934,409771,9650,11148,241,1540101,26254,"33940,3",3093,"61,7","68,5",,,,,,,1229,2,116159,1824,340885,8605,77432,1076,,836261,13918,
2020-09-12,175,10776,546481,126968,419513,9742,11263,115,1563241,23140,"34450,3",2962,"60,4","68,5",,,,,,,1232,3,117339,1180,347893,7008,80017,2585,,847244,10983,
2020-09-13,176,9056,555537,126584,428953,9440,11352,89,1581196,17955,"34845,9",2984,"59,3","68,3",,,,,,,1235,3,118561,1222,353007,5114,82734,2717,,855124,7880,
2020-09-14,177,9909,565446,126563,438883,9930,11667,315,1602403,21207,"35313,3",2992,"59,6","68,4",,,,,,,1236,1,120192,1631,361677,8670,82341,-393,,865823,10699,
2020-09-15,178,11892,577338,129075,448263,9380,11852,185,1628194,25791,"35881,7",3049,"59,8","68,1",,,,,,,1242,6,125970,5778,371507,9830,78619,-3722,,879590,13767,
2020-09-16,179,11674,589012,132665,456347,8084,12116,264,1653616,25422,"36441,9",3118,"59,9","68,2",,,,,,,1247,5,128236,2266,380805,9298,78724,105,,893439,13849,
2020-09-17,180,12701,601713,134427,467286,10939,12460,345,1682249,28633,"37072,9",3108,"60,1","67,3",,,,,,,1251,4,130230,1994,390634,9829,79598,874,,907439,14000,Un hombre residente en la provincia de Santa Cruz fue reclasificado como no fallecido
2020-09-18,181,11945,613658,135581,478077,10791,12656,197,1707947,25698,"37639,2",3225,60,"66,8",,,,,,,1254,3,132427,2197,400216,9582,79761,163,,921466,14027,
2020-09-19,182,9276,622934,134703,488231,10154,12799,143,1729040,21093,"38104,1",3213,"59,8","66,1",,,,,,,1261,7,133793,1366,406757,6541,81123,1362,,932521,11055,
2020-09-20,183,8431,631365,,,,13053,254,,,,3261,"60,3","65,9",,,,,,,1262,1,134820,1027,412203,5446,83080,1957,,,,
2020-09-21,184,8782,640147,118102,508563,,13482,429,1765069,18575,"38898,1",3387,"60,3","65,5",,,,,,,,,,,,,,,,,,A partir de hoy se emite un solo reporte por día
2020-09-22,185,12027,652174,120994,517228,8665,13952,470,1790835,25766,"39465,9",3362,"60,4","65,9",,,,,,,,,,,,,,,,,,
2020-09-23,186,12625,664799,124937,525486,8258,14376,424,1815738,24903,"40014,7",3511,60,"65,6",,,,,,,,,,,,,,,,,,
2020-09-24,187,13467,678266,126911,536589,11103,14766,391,1842991,27253,"40615,3",3527,61,66,,,,,,,,,,,,,,,,,,"Se anuncian 391 muertes, pero solo se describen 388"
2020-09-25,188,12969,691235,129103,546924,10335,15208,443,1868089,25098,"41168,3",3595,"61,7","66,2",,,,,,,,,,,,,,,,,,"Una persona residente en la provincia de Buenos Aires, notificada como fallecida fue reclasificada"
2020-09-26,189,11249,702484,130452,556489,9565,15543,337,1890190,22101,"41655,5",3633,"61,5","66,7",,,,,,,,,,,,,,,,,,
2020-09-27,190,8841,711325,129641,565935,9446,15749,206,1905361,15171,"41989,8",3604,"61,1",65,,,,,,,,,,,,,,,,,,
2020-09-28,191,11807,723132,130304,576715,10780,16113,364,1926717,21356,"42460,4",3678,"61,4","65,1",,,,,,,,,,,,,,,,,,"Se anuncian 364 muertes, pero solo se describen 365"
2020-09-29,192,13477,736609,134233,585857,9142,16519,406,1951789,25072,43013,3768,"61,9","65,8",,,,,,,,,,,,,,,,,,
2020-09-30,193,14392,751001,139419,594645,8788,16937,419,1951789,25072,43013,3792,"61,7","64,7",,,,,,,,,,,,,,,,,,"Una mujer residente en la provincia de Buenos Aires fue reclasificada. Se anuncian 419 muertes, pero solo se describen 415"
2020-10-01,194,14001,765002,141574,603140,8495,20288,3352,2002975,24662,44141,3799,"61,6","65,2",,,,,,,,,,,,,,,,,,"En el día de hoy fueron notificados en el Sistema Nacional de Vigilancia de la Salud (SNVS) 3050 fallecidos residentes en la provincia de Buenos Aires. De las 3352 nuevas muertes, 1789 son hombres y 1542 mujeres. 21 fallecidos residentes en la provincia de Buenos Aires, no registran dato de sexo."
2020-10-02,195,14687,779689,144575,614515,11375,20599,312,2030512,27537,"44747,8",3828,"61,8","64,7",,,,,,,,,,,,,,,,,,Fe de Erratas: la tabla con información sobre personas fallecidas por jurisdicción publicada el día 01/10 ha sido actualizada de acuerdo a lo que consta en los registros notificados en el Sistema Nacional de Vigilancia de la Salud (SNVS).
2020-10-03,196,11129,790818,143909,626114,11599,20795,197,2051037,20525,"45200,2",3820,"61,7","62,9",,,,,,,,,,,,,,,,,,Una mujer residente en la provincia de Chaco fue reclasificada
2020-10-04,197,7668,798486,140796,636672,10558,21018,223,2064250,13213,"45491,3",3950,"61,9","62,8",,,,,,,,,,,,,,,,,,
2020-10-05,198,11242,809728,139243,649017,12345,21468,452,2084513,20263,45937,3978,"62,4","63,1",,,,,,,,,,,,,,,,,,
2020-10-06,199,14740,824468,142369,660272,11255,21827,359,2110994,26481,"46521,5",4007,"62,5","63,8",,,,,,,,,,,,,,,,,,
2020-10-07,200,16447,840915,147964,670725,10453,22226,401,2140435,29441,47170,3997,"62,8",63,,,,,,,,,,,,,,,,,,
2020-10-08,201,15454,856369,148815,684844,14119,22710,485,2166276,25841,"47739,8",4043,63,"63,3",,,,,,,,,,,,,,,,,,
2020-10-09,202,15099,871468,169102,697141,12297,23225,515,2191450,25174,"48294,5",4092,"63,4",64,,,,,,,,,,,,,,,,,,
2020-10-10,203,12414,883882,150837,709464,12323,23581,357,2211321,19871,"48732,5",4200,"63,9","63,3",,,,,,,,,,,,,,,,,,
2020-10-11,204,10324,894206,148958,721380,11916,23868,287,2225558,14237,"49046,2",4237,"63,9","62,8",,,,,,,,,,,,,,,,,,
2020-10-12,205,9524,903730,146962,732582,11202,24186,318,2239514,13956,"49353,8",4287,"64,3",63,,,,,,,,,,,,,,,,,,
2020-10-13,206,13305,917035,150228,742235,9653,24572,386,2260058,20544,"49806,5",4294,"64,2","63,9",,,,,,,,,,,,,,,,,,
2020-10-14,207,14932,931967,155900,751146,8911,24921,350,2283577,23519,"50324,5",4316,"64,1","63,5",,,,,,,,,,,,,,,,,,
2020-10-15,208,17096,949063,158862,764859,13713,25342,421,2311239,27662,"50934,4",4278,"64,4","64,7",,,,,,,,,,,,,,,,,,"Se anuncian 421 muertes, pero solo se describen 417"
2020-10-16,209,16546,965609,161385,778501,13642,25723,381,2338651,27412,"51538,5",4346,"64,5","63,5",,,,,,,,,,,,,,,,,,
2020-10-17,210,13510,979119,161838,791174,12673,26107,384,2359606,20955,52000,4386,"64,2","63,4",,,,,,,,,,,,,,,,,,
2020-10-18,211,10561,989680,159448,803965,12791,26267,161,2373496,13890,"52306,4",4387,"64,2","63,9",,,,,,,,,,,,,,,,,,
